id;matchday;match-date;match-time;home;guest;goals-home;goals-guest
13322;1;2015-08-14;20:30:00;1;16;5;0
13323;1;2015-09-09;15:30:00;4;8;2;1
13324;1;2015-09-09;15:30:00;5;15;0;1
13325;1;2015-09-09;15:30:00;10;6;0;3
13326;1;2015-09-09;15:30:00;11;17;0;1
13327;1;2015-09-09;15:30:00;18;13;2;2
13328;1;2015-09-09;18:30:00;7;3;4;0
13329;1;2015-09-10;15:30:00;2;9;2;1
13330;1;2015-09-10;17:30:00;14;12;1;3
13331;2;2015-08-21;20:30:00;15;10;1;1
13332;2;2015-09-09;15:30:00;6;18;1;1
13333;2;2015-09-09;15:30:00;9;5;1;1
13334;2;2015-09-09;15:30:00;12;2;1;1
13335;2;2015-09-09;15:30:00;13;4;0;1
13336;2;2015-09-09;15:30:00;8;1;1;2
13337;2;2015-09-09;18:30:00;16;14;3;2
13338;2;2015-09-10;15:30:00;17;7;0;4
13339;2;2015-09-10;17:30:00;3;11;1;2
13340;3;2015-08-28;20:30:00;2;6;3;0
13341;3;2015-09-09;15:30:00;14;9;1;4
13342;3;2015-09-09;15:30:00;5;17;0;1
13343;3;2015-09-09;15:30:00;12;16;2;1
13344;3;2015-09-09;15:30:00;11;13;3;0
13345;3;2015-09-09;15:30:00;18;8;0;0
13346;3;2015-09-09;18:30:00;1;4;3;0
13347;3;2015-09-10;15:30:00;7;15;3;1
13348;3;2015-09-10;17:30:00;10;3;2;1
14482;4;2015-09-11;20:30:00;3;16;0;3
14483;4;2015-09-12;15:30:00;1;5;2;1
14484;4;2015-09-12;15:30:00;4;18;0;1
14485;4;2015-09-12;15:30:00;13;7;2;4
14486;4;2015-09-12;15:30:00;15;14;2;1
14487;4;2015-09-12;15:30:00;17;2;0;0
14488;4;2015-09-12;18:30:00;9;12;6;2
14489;4;2015-09-13;15:30:00;8;10;1;3
14490;4;2015-09-13;17:30:00;6;11;2;1
14622;5;2015-09-18;20:30:00;11;8;3;1
14623;5;2015-09-20;15:30:00;2;15;2;0
14624;5;2015-09-20;15:30:00;16;9;0;0
14625;5;2015-09-20;15:30:00;10;17;0;1
14626;5;2015-09-20;15:30:00;12;3;1;0
14627;5;2015-09-20;15:30:00;18;1;0;3
14628;5;2015-09-21;15:30:00;14;6;0;1
14629;5;2015-09-21;17:30:00;7;4;3;0
14630;5;2015-09-21;17:30:00;5;13;2;0
14706;6;2015-09-23;20:00:00;1;2;5;1
14707;6;2015-09-23;20:00:00;15;12;2;0
14708;6;2015-09-23;20:00:00;17;16;0;1
14709;6;2015-09-23;20:00:00;18;10;2;1
14710;6;2015-09-24;20:00:00;6;9;2;0
14711;6;2015-09-24;20:00:00;4;11;1;0
14712;6;2015-09-24;20:00:00;3;5;4;2
14713;6;2015-09-24;20:00:00;13;14;1;3
14714;6;2015-09-24;20:00:00;8;7;1;1
14930;7;2015-09-25;20:30:00;12;17;1;1
14931;7;2015-10-01;15:30:00;2;13;1;1
14932;7;2015-10-01;15:30:00;14;3;1;3
14933;7;2015-10-01;15:30:00;5;8;1;3
14934;7;2015-10-01;15:30:00;10;4;0;3
14935;7;2015-10-01;15:30:00;11;1;0;3
14936;7;2015-10-01;18:30:00;16;6;0;1
14937;7;2015-10-02;15:30:00;9;15;1;1
14938;7;2015-10-02;17:30:00;7;18;2;2
15210;8;2015-10-02;20:30:00;18;11;2;3
15211;8;2015-10-03;15:30:00;3;2;2;0
15212;8;2015-10-03;15:30:00;13;10;1;0
15213;8;2015-10-03;15:30:00;15;16;3;0
15214;8;2015-10-03;15:30:00;8;14;2;2
15215;8;2015-10-03;15:30:00;17;9;2;0
15216;8;2015-10-04;15:30:00;6;12;0;3
15217;8;2015-10-04;17:30:00;1;7;5;1
15218;8;2015-10-04;17:30:00;4;5;1;1
15462;9;2015-10-16;20:30:00;11;7;0;2
15463;9;2015-10-17;15:30:00;6;15;2;1
15464;9;2015-10-17;15:30:00;2;8;4;2
15465;9;2015-10-17;15:30:00;16;4;0;0
15466;9;2015-10-17;15:30:00;5;18;0;2
15467;9;2015-10-17;15:30:00;10;1;0;1
15468;9;2015-10-17;18:30:00;9;3;1;5
15469;9;2015-10-18;15:30:00;12;13;0;1
15470;9;2015-10-18;17:30:00;14;17;1;0
15658;10;2015-10-23;20:30:00;8;16;0;1
15659;10;2015-10-24;15:30:00;1;12;4;0
15660;10;2015-10-24;15:30:00;4;14;4;3
15661;10;2015-10-24;15:30:00;13;9;1;2
15662;10;2015-10-24;15:30:00;11;10;1;3
15663;10;2015-10-24;15:30:00;18;2;0;1
15664;10;2015-10-24;18:30:00;17;15;0;1
15665;10;2015-10-25;15:30:00;7;5;5;1
15666;10;2015-10-25;17:30:00;3;6;3;1
15854;11;2015-10-30;20:30:00;9;1;0;0
15855;11;2015-10-31;15:30:00;6;17;1;1
15856;11;2015-10-31;15:30:00;5;11;3;3
15857;11;2015-10-31;15:30:00;10;7;1;3
15858;11;2015-10-31;15:30:00;12;8;0;0
15859;11;2015-10-31;15:30:00;15;3;1;4
15860;11;2015-10-31;18:30:00;2;4;2;1
15861;11;2015-11-01;15:30:00;14;18;2;0
15862;11;2015-11-01;17:30:00;16;13;1;2
16190;12;2015-11-06;20:30:00;13;15;1;3
16191;12;2015-11-07;15:30:00;1;14;4;0
16192;12;2015-11-07;15:30:00;4;12;1;2
16193;12;2015-11-07;15:30:00;3;17;0;0
16194;12;2015-11-07;15:30:00;8;9;0;0
16195;12;2015-11-07;15:30:00;11;2;2;0
16196;12;2015-11-07;18:30:00;18;16;1;1
16197;12;2015-11-08;15:30:00;7;6;3;2
16198;12;2015-11-08;17:30:00;5;10;1;2
16442;13;2015-11-20;20:45:00;16;7;3;1
16443;13;2015-11-21;15:30:00;3;13;2;1
16444;13;2015-11-21;15:30:00;2;10;6;0
16445;13;2015-11-21;15:30:00;9;4;1;3
16446;13;2015-11-21;15:30:00;12;11;0;0
16447;13;2015-11-21;15:45:00;14;5;0;4
16448;13;2015-11-21;18:30:00;6;1;1;3
16449;13;2015-11-22;15:30:00;15;8;1;0
16450;13;2015-11-22;17:40:00;17;18;3;1
16638;14;2015-11-27;20:30:00;18;12;0;0
16639;14;2015-11-28;15:30:00;1;15;2;0
16640;14;2015-11-28;15:30:00;10;16;1;3
16641;14;2015-11-28;15:30:00;13;17;4;0
16642;14;2015-11-28;15:30:00;8;3;3;3
16643;14;2015-11-28;15:45:00;11;9;2;1
16644;14;2015-11-29;15:30:00;7;14;4;1
16645;14;2015-11-29;17:30:00;4;6;1;1
16646;14;2015-11-29;17:30:00;5;2;0;0
16834;15;2015-12-04;20:30:00;6;13;3;1
16835;15;2015-12-05;15:30:00;3;1;3;1
16836;15;2015-12-05;15:30:00;16;11;1;3
16837;15;2015-12-05;15:30:00;12;5;0;1
16838;15;2015-12-05;15:30:00;15;4;2;1
16839;15;2015-12-05;15:30:00;17;8;1;1
16840;15;2015-12-05;18:30:00;2;7;1;2
16841;15;2015-12-06;15:30:00;14;10;1;1
16842;15;2015-12-06;17:30:00;9;18;0;1
17030;16;2015-12-11;20:30:00;11;14;0;0
17031;16;2015-12-12;15:30:00;1;17;2;0
17032;16;2015-12-12;15:30:00;2;16;1;1
17033;16;2015-12-12;15:30:00;10;12;1;1
17034;16;2015-12-12;15:30:00;8;13;1;0
17035;16;2015-12-12;15:30:00;18;15;0;4
17036;16;2015-12-12;18:30:00;4;3;5;0
17037;16;2015-12-13;15:30:00;5;6;2;1
17038;16;2015-12-13;17:30:00;7;9;4;1
17758;17;2015-12-18;20:30:00;6;8;1;0
17759;17;2015-12-19;15:30:00;16;5;0;1
17760;17;2015-12-19;15:30:00;9;10;2;1
17761;17;2015-12-19;15:30:00;12;7;2;1
17762;17;2015-12-19;15:30:00;13;1;0;1
17763;17;2015-12-19;15:30:00;17;4;0;1
17764;17;2015-12-19;18:30:00;14;2;3;1
17765;17;2015-12-20;15:30:00;15;11;2;0
17766;17;2015-12-20;17:30:00;3;18;3;2
18200;18;2016-01-22;20:30:00;16;1;1;2
18201;18;2016-01-23;15:30:00;12;14;1;3
18202;18;2016-01-23;15:30:00;13;18;1;2
18203;18;2016-01-23;15:30:00;15;5;0;0
18204;18;2016-01-23;15:30:00;8;4;1;1
18205;18;2016-01-23;15:30:00;17;11;1;0
18206;18;2016-01-23;18:30:00;3;7;1;3
18207;18;2016-01-24;15:30:00;9;2;3;2
18208;18;2016-01-24;17:30:00;6;10;1;3
18392;19;2016-01-29;20:30:00;11;3;1;0
18393;19;2016-01-30;15:30:00;7;17;2;0
18394;19;2016-01-30;15:30:00;4;13;3;0
18395;19;2016-01-30;15:30:00;5;9;0;0
18396;19;2016-01-30;15:30:00;10;15;3;3
18397;19;2016-01-30;15:30:00;18;6;0;2
18398;19;2016-01-30;18:30:00;14;16;2;1
18399;19;2016-01-31;15:30:00;2;12;1;1
18400;19;2016-01-31;17:30:00;1;8;2;0
18588;1;2015-07-24;20:30:00;36;21;1;3
18589;1;2015-07-25;13:00:00;22;34;1;0
18590;1;2015-07-25;15:30:00;24;29;0;0
18591;1;2015-07-25;15:30:00;32;23;0;1
18592;1;2015-07-26;13:30:00;27;20;0;1
18593;1;2015-07-26;15:30:00;33;25;1;3
18594;1;2015-07-26;15:30:00;30;31;1;1
18595;1;2015-07-26;15:30:00;26;35;1;0
18596;1;2015-07-27;20:15:00;19;28;6;3
18597;2;2015-07-31;18:30:00;28;26;3;2
18598;2;2015-07-31;18:30:00;29;32;0;0
18599;2;2015-07-31;20:30:00;21;33;0;0
18600;2;2015-08-01;13:00:00;20;36;3;0
18601;2;2015-08-01;15:30:00;35;19;0;1
18602;2;2015-08-02;13:30:00;31;27;1;2
18603;2;2015-08-02;15:30:00;34;24;1;2
18604;2;2015-08-02;15:30:00;25;30;4;3
18605;2;2015-08-03;20:15:00;23;22;2;2
18606;3;2015-08-14;18:30:00;27;25;0;6
18607;3;2015-08-14;18:30:00;26;31;1;0
18608;3;2015-08-14;18:30:00;32;34;1;2
18609;3;2015-08-15;13:00:00;19;20;1;3
18610;3;2015-08-15;13:00:00;33;23;0;2
18611;3;2015-08-16;13:30:00;30;21;2;2
18612;3;2015-08-16;13:30:00;24;22;3;2
18613;3;2015-08-16;13:30:00;36;29;2;2
18614;3;2015-08-17;20:15:00;28;35;2;2
18615;4;2015-08-21;18:30:00;29;33;0;2
18616;4;2015-08-21;18:30:00;25;26;0;0
18617;4;2015-08-21;18:30:00;22;32;0;2
18618;4;2015-08-22;13:00:00;34;36;2;0
18619;4;2015-08-22;13:00:00;31;19;1;2
18620;4;2015-08-23;13:30:00;35;30;0;0
18621;4;2015-08-23;13:30:00;20;28;2;1
18622;4;2015-08-23;13:30:00;23;24;0;1
18623;4;2015-08-24;20:15:00;21;27;1;0
18624;5;2015-08-28;18:30:00;19;25;4;1
18625;5;2015-08-28;18:30:00;30;23;1;1
18626;5;2015-08-28;18:30:00;26;21;3;1
18627;5;2015-08-29;13:00:00;27;29;1;2
18628;5;2015-08-29;13:00:00;36;22;2;2
18629;5;2015-08-30;13:30:00;33;34;6;0
18630;5;2015-08-30;13:30:00;28;31;1;0
18631;5;2015-08-30;13:30:00;32;24;1;0
18632;5;2015-08-31;20:15:00;20;35;1;0
18633;6;2015-09-11;18:30:00;21;19;0;2
18634;6;2015-09-11;18:30:00;23;27;2;0
18635;6;2015-09-11;18:30:00;25;20;1;1
18636;6;2015-09-12;13:00:00;34;30;0;3
18637;6;2015-09-12;13:00:00;29;26;0;0
18638;6;2015-09-13;13:30:00;31;35;3;0
18639;6;2015-09-13;13:30:00;22;28;3;2
18640;6;2015-09-13;13:30:00;32;33;0;3
18641;6;2015-09-14;20:15:00;24;36;2;0
18642;7;2015-09-18;18:30:00;19;29;2;2
18643;7;2015-09-18;18:30:00;20;31;1;1
18644;7;2015-09-18;18:30:00;26;23;1;1
18645;7;2015-09-19;13:00:00;27;34;2;0
18646;7;2015-09-19;13:00:00;28;25;2;0
18647;7;2015-09-19;13:00:00;35;21;1;1
18648;7;2015-09-20;13:30:00;33;24;0;0
18649;7;2015-09-20;13:30:00;30;22;1;2
18650;7;2015-09-20;13:30:00;36;32;0;1
18651;8;2015-09-22;17:30:00;34;31;1;1
18652;8;2015-09-22;17:30:00;21;28;0;3
18653;8;2015-09-22;17:30:00;25;35;1;1
18654;8;2015-09-22;17:30:00;29;20;1;1
18655;8;2015-09-23;17:30:00;22;27;3;0
18656;8;2015-09-23;17:30:00;24;26;1;0
18657;8;2015-09-23;17:30:00;32;30;3;2
18658;8;2015-09-23;17:30:00;36;33;0;5
18659;8;2015-09-24;20:15:00;23;19;1;1
18660;9;2015-09-25;18:30:00;28;29;2;2
18661;9;2015-09-25;18:30:00;31;25;0;1
18662;9;2015-09-25;18:30:00;20;21;1;2
18663;9;2015-09-26;13:00:00;27;24;0;0
18664;9;2015-09-26;13:00:00;30;36;3;2
18665;9;2015-09-27;13:30:00;19;32;2;0
18666;9;2015-09-27;13:30:00;35;23;2;2
18667;9;2015-09-27;13:30:00;26;34;1;1
18668;9;2015-09-28;20:15:00;33;22;0;1
18669;10;2015-10-02;18:30:00;21;31;3;0
18670;10;2015-10-02;18:30:00;32;26;0;4
18671;10;2015-10-02;18:30:00;29;35;1;1
18672;10;2015-10-03;13:00:00;22;20;0;5
18673;10;2015-10-03;13:00:00;24;25;1;3
18674;10;2015-10-04;13:30:00;34;19;1;1
18675;10;2015-10-04;13:30:00;23;28;3;2
18676;10;2015-10-04;13:30:00;33;30;2;1
18677;10;2015-10-05;20:15:00;36;27;1;0
18678;11;2015-10-16;18:30:00;27;33;2;0
18679;11;2015-10-16;18:30:00;31;29;1;0
18680;11;2015-10-16;18:30:00;25;21;1;0
18681;11;2015-10-17;13:00:00;28;32;1;1
18682;11;2015-10-17;13:00:00;30;24;3;3
18683;11;2015-10-18;13:30:00;19;22;5;2
18684;11;2015-10-18;13:30:00;20;23;0;1
18685;11;2015-10-18;13:30:00;26;36;1;0
18686;11;2015-10-19;20:15:00;35;34;0;1
18687;12;2015-10-23;18:30:00;23;31;2;1
18688;12;2015-10-23;18:30:00;22;35;1;0
18689;12;2015-10-23;18:30:00;32;20;3;2
18690;12;2015-10-24;13:00:00;34;21;2;0
18691;12;2015-10-24;13:00:00;30;27;0;2
18692;12;2015-10-24;13:00:00;36;28;0;0
18693;12;2015-10-25;13:30:00;33;26;1;0
18694;12;2015-10-25;13:30:00;24;19;1;0
18695;12;2015-10-25;13:30:00;29;25;0;0
18696;13;2015-10-30;18:30:00;21;29;0;2
18697;13;2015-10-30;18:30:00;31;22;1;0
18698;13;2015-10-30;18:30:00;20;24;1;1
18699;13;2015-10-31;13:00:00;27;32;1;1
18700;13;2015-10-31;13:00:00;26;30;0;2
18701;13;2015-11-01;13:30:00;19;33;2;2
18702;13;2015-11-01;13:30:00;35;36;1;0
18703;13;2015-11-01;13:30:00;25;23;1;2
18704;13;2015-11-02;20:15:00;28;34;0;0
18705;14;2015-11-06;18:30:00;34;20;3;0
18706;14;2015-11-06;18:30:00;22;29;0;0
18707;14;2015-11-06;18:30:00;32;25;0;1
18708;14;2015-11-07;13:00:00;30;28;3;3
18709;14;2015-11-07;13:00:00;36;19;1;1
18710;14;2015-11-08;13:30:00;27;26;1;1
18711;14;2015-11-08;13:30:00;23;21;0;2
18712;14;2015-11-08;13:30:00;33;35;0;0
18713;14;2015-11-09;20:15:00;24;31;4;0
18714;15;2015-11-20;18:30:00;31;36;1;1
18715;15;2015-11-20;18:30:00;20;30;1;1
18716;15;2015-11-20;18:30:00;25;34;3;1
18717;15;2015-11-21;13:00:00;35;24;2;0
18718;15;2015-11-21;13:00:00;29;23;0;1
18719;15;2015-11-22;13:30:00;19;27;4;1
18720;15;2015-11-22;13:30:00;21;32;1;1
18721;15;2015-11-22;13:30:00;26;22;1;2
18722;15;2015-11-23;20:15:00;28;33;2;1
18723;16;2015-11-27;18:30:00;22;21;2;4
18724;16;2015-11-27;18:30:00;26;19;1;2
18725;16;2015-11-27;18:40:00;33;20;1;0
18726;16;2015-11-28;13:00:00;27;35;4;4
18727;16;2015-11-28;13:00:00;30;29;1;1
18728;16;2015-11-29;13:30:00;24;28;0;4
18729;16;2015-11-29;13:30:00;32;31;1;2
18730;16;2015-11-29;13:30:00;36;25;3;0
18731;16;2015-11-30;20:15:00;34;23;0;1
18732;17;2015-12-04;18:30:00;28;27;2;1
18733;17;2015-12-04;18:30:00;35;32;0;1
18734;17;2015-12-04;18:30:00;25;22;1;1
18735;17;2015-12-05;13:00:00;19;30;3;0
18736;17;2015-12-05;13:00:00;29;34;2;1
18737;17;2015-12-06;13:30:00;21;24;1;2
18738;17;2015-12-06;13:30:00;23;36;4;2
18739;17;2015-12-06;13:30:00;20;26;1;1
18740;17;2015-12-07;20:15:00;31;33;1;0
18741;18;2015-12-11;18:30:00;20;27;4;0
18742;18;2015-12-11;18:30:00;35;26;1;3
18743;18;2015-12-11;18:30:00;25;33;0;2
18744;18;2015-12-12;13:00:00;34;22;1;0
18745;18;2015-12-12;13:00:00;31;30;0;3
18746;18;2015-12-13;13:30:00;21;36;2;0
18747;18;2015-12-13;13:30:00;23;32;3;1
18748;18;2015-12-13;13:30:00;28;19;2;1
18749;18;2015-12-14;20:15:00;29;24;0;0
18750;19;2015-12-18;18:30:00;30;25;1;0
18751;19;2015-12-18;18:30:00;24;34;1;2
18752;19;2015-12-18;18:30:00;32;29;1;2
18753;19;2015-12-19;13:00:00;22;23;1;2
18754;19;2015-12-19;13:00:00;26;28;0;3
18755;19;2015-12-20;13:30:00;19;35;3;0
18756;19;2015-12-20;13:30:00;33;21;1;1
18757;19;2015-12-20;13:30:00;36;20;0;0
18758;19;2015-12-21;20:00:00;27;31;0;0
18894;1;2015-07-24;20:30:00;42;53;2;1
18895;1;2015-07-25;14:00:00;54;48;0;0
18896;1;2015-07-25;14:00:00;40;41;1;1
18897;1;2015-07-25;14:00:00;39;56;4;1
18898;1;2015-07-25;14:00:00;50;49;0;0
18899;1;2015-07-25;14:00:00;45;38;0;4
18900;1;2015-07-25;14:00:00;52;44;1;2
18901;1;2015-07-25;14:00:00;46;47;0;0
18902;1;2015-07-25;14:00:00;43;51;2;1
18903;1;2015-07-26;14:00:00;37;55;2;0
18904;2;2015-07-31;19:00:00;38;42;2;2
18905;2;2015-07-31;19:00:00;56;40;1;3
18906;2;2015-08-01;14:00:00;51;46;1;1
18907;2;2015-08-01;14:00:00;47;52;1;1
18908;2;2015-08-01;14:00:00;44;37;0;2
18909;2;2015-08-01;14:00:00;53;50;0;0
18910;2;2015-08-01;14:00:00;49;39;1;1
18911;2;2015-08-01;14:00:00;48;43;1;1
18912;2;2015-08-02;14:00:00;55;45;0;2
18913;2;2015-08-02;14:00:00;41;54;2;0
18914;3;2015-08-13;20:30:00;39;53;3;1
18915;3;2015-08-14;19:00:00;46;48;1;0
18916;3;2015-08-15;14:00:00;54;43;2;0
18917;3;2015-08-15;14:00:00;50;38;1;1
18918;3;2015-08-15;14:00:00;45;44;3;0
18919;3;2015-08-15;14:00:00;37;47;0;1
18920;3;2015-08-15;14:00:00;52;51;4;2
18921;3;2015-08-15;14:00:00;41;56;1;3
18922;3;2015-08-15;14:00:00;40;49;0;0
18923;3;2015-08-16;14:00:00;42;55;2;1
18924;4;2015-08-21;19:00:00;51;37;3;0
18925;4;2015-08-21;19:00:00;44;42;1;1
18926;4;2015-08-22;13:30:00;48;52;0;1
18927;4;2015-08-22;14:00:00;47;45;4;2
18928;4;2015-08-22;14:00:00;55;50;3;0
18929;4;2015-08-22;14:00:00;53;40;1;1
18930;4;2015-08-22;14:00:00;49;41;0;1
18931;4;2015-08-22;14:00:00;56;54;1;2
18932;4;2015-08-23;14:00:00;38;39;1;1
18933;4;2015-08-23;14:00:00;43;46;0;0
18934;5;2015-08-25;19:00:00;50;44;3;1
18935;5;2015-08-25;19:00:00;45;51;2;2
18936;5;2015-08-25;19:00:00;37;48;1;2
18937;5;2015-08-25;19:00:00;56;49;0;2
18938;5;2015-08-25;20:30:00;42;47;2;0
18939;5;2015-08-26;18:30:00;41;53;2;2
18940;5;2015-08-26;19:00:00;54;46;1;0
18941;5;2015-08-26;19:00:00;52;43;0;1
18942;5;2015-08-26;19:00:00;40;38;0;1
18943;5;2015-08-26;20:30:00;39;55;3;2
18944;6;2015-08-28;19:00:00;51;42;2;1
18945;6;2015-08-29;14:00:00;47;50;1;0
18946;6;2015-08-29;14:00:00;44;39;1;2
18947;6;2015-08-29;14:00:00;55;40;1;3
18948;6;2015-08-29;14:00:00;53;56;3;0
18949;6;2015-08-29;14:00:00;49;54;1;0
18950;6;2015-08-29;14:00:00;43;37;0;0
18951;6;2015-08-29;14:00:00;48;45;3;2
18952;6;2015-08-30;14:00:00;38;41;2;1
18953;6;2015-08-30;14:00:00;46;52;1;1
18954;7;2015-09-05;14:00:00;54;52;0;0
18955;7;2015-09-05;14:00:00;50;51;3;0
18956;7;2015-09-05;14:00:00;45;43;1;2
18957;7;2015-09-05;14:00:00;37;46;0;4
18958;7;2015-09-05;14:00:00;49;53;0;0
18959;7;2015-09-05;14:00:00;40;44;3;1
18960;7;2015-09-06;14:00:00;39;47;1;0
18961;7;2015-09-15;18:30:00;42;48;3;0
18962;7;2015-09-15;18:30:00;41;55;0;0
18963;7;2015-09-15;19:00:00;56;38;1;1
18964;8;2015-09-11;19:00:00;52;37;1;1
18965;8;2015-09-11;19:00:00;43;42;1;0
18966;8;2015-09-12;14:00:00;51;39;1;5
18967;8;2015-09-12;14:00:00;47;40;0;1
18968;8;2015-09-12;14:00:00;44;41;0;4
18969;8;2015-09-12;14:00:00;55;56;3;0
18970;8;2015-09-12;14:00:00;38;49;1;0
18971;8;2015-09-12;14:00:00;53;54;0;1
18972;8;2015-09-12;14:00:00;48;50;4;0
18973;8;2015-09-13;14:00:00;46;45;0;0
18974;9;2015-09-18;19:00:00;42;46;1;2
18975;9;2015-09-18;20:30:00;54;37;1;0
18976;9;2015-09-19;14:00:00;39;48;2;1
18977;9;2015-09-19;14:00:00;50;43;3;3
18978;9;2015-09-19;14:00:00;45;52;0;0
18979;9;2015-09-19;14:00:00;53;38;3;0
18980;9;2015-09-19;14:00:00;49;55;0;1
18981;9;2015-09-19;14:00:00;56;44;1;1
18982;9;2015-09-19;14:00:00;41;47;4;2
18983;9;2015-09-19;14:00:00;40;51;3;1
18984;10;2015-09-22;18:30:00;38;54;1;1
18985;10;2015-09-22;19:00:00;47;56;2;1
18986;10;2015-09-22;19:00:00;44;49;0;0
18987;10;2015-09-22;19:00:00;55;53;2;1
18988;10;2015-09-22;19:00:00;46;50;3;1
18989;10;2015-09-23;18:00:00;48;40;2;2
18990;10;2015-09-23;19:00:00;51;41;2;2
18991;10;2015-09-23;19:00:00;37;45;1;2
18992;10;2015-09-23;19:00:00;43;39;1;2
18993;10;2015-09-23;20:30:00;52;42;1;1
18994;11;2015-09-25;19:00:00;38;55;2;0
18995;11;2015-09-25;19:00:00;49;47;1;1
18996;11;2015-09-26;14:00:00;54;45;0;0
18997;11;2015-09-26;14:00:00;50;52;0;0
18998;11;2015-09-26;14:00:00;42;37;2;2
18999;11;2015-09-26;14:00:00;53;44;2;1
19000;11;2015-09-26;14:00:00;41;48;3;3
19001;11;2015-09-26;14:00:00;40;43;4;2
19002;11;2015-09-27;14:00:00;39;46;4;0
19003;11;2015-09-27;14:00:00;56;51;3;0
19004;12;2015-10-01;19:30:00;47;53;1;1
19005;12;2015-10-02;19:00:00;45;42;0;0
19006;12;2015-10-03;14:00:00;51;49;0;3
19007;12;2015-10-03;14:00:00;44;38;2;1
19008;12;2015-10-03;14:00:00;55;54;1;0
19009;12;2015-10-03;14:00:00;52;39;1;3
19010;12;2015-10-03;14:00:00;46;40;0;0
19011;12;2015-10-03;14:00:00;43;41;0;4
19012;12;2015-10-03;14:00:00;48;56;1;1
19013;12;2015-10-04;14:00:00;37;50;2;2
19014;13;2015-10-16;19:15:00;40;52;1;1
19015;13;2015-10-17;14:00:00;39;37;0;1
19016;13;2015-10-17;14:00:00;50;45;3;1
19017;13;2015-10-17;14:00:00;55;44;6;2
19018;13;2015-10-17;14:00:00;38;47;0;0
19019;13;2015-10-17;14:00:00;53;51;0;2
19020;13;2015-10-17;14:00:00;49;48;0;1
19021;13;2015-10-17;14:00:00;41;46;2;0
19022;13;2015-10-18;14:00:00;54;42;0;0
19023;13;2015-10-18;15:30:00;56;43;2;1
19024;14;2015-10-23;19:00:00;44;54;4;0
19025;14;2015-10-24;14:00:00;51;38;3;1
19026;14;2015-10-24;14:00:00;42;50;1;0
19027;14;2015-10-24;14:00:00;45;39;1;2
19028;14;2015-10-24;14:00:00;37;40;0;0
19029;14;2015-10-24;14:00:00;52;41;1;3
19030;14;2015-10-24;14:00:00;46;56;1;0
19031;14;2015-10-24;14:00:00;43;49;1;2
19032;14;2015-10-24;14:00:00;48;53;1;0
19033;14;2015-10-25;15:00:00;47;55;3;1
19034;15;2015-10-30;19:00:00;54;50;1;1
19035;15;2015-10-30;19:00:00;56;52;3;1
19036;15;2015-10-31;14:00:00;39;42;3;2
19037;15;2015-10-31;14:00:00;55;51;1;1
19038;15;2015-10-31;14:00:00;38;48;0;0
19039;15;2015-10-31;14:00:00;53;43;1;0
19040;15;2015-10-31;14:00:00;49;46;2;2
19041;15;2015-10-31;14:00:00;41;37;1;1
19042;15;2015-10-31;14:00:00;40;45;2;0
19043;15;2015-11-01;14:00:00;44;47;3;2
19044;16;2015-11-06;19:00:00;50;39;2;2
19045;16;2015-11-06;19:00:00;48;55;2;0
19046;16;2015-11-07;14:00:00;51;44;2;1
19047;16;2015-11-07;14:00:00;47;54;1;2
19048;16;2015-11-07;14:00:00;42;40;3;0
19049;16;2015-11-07;14:00:00;45;41;3;1
19050;16;2015-11-07;14:00:00;37;56;2;2
19051;16;2015-11-07;14:00:00;52;49;0;0
19052;16;2015-11-07;14:00:00;46;53;2;2
19053;16;2015-11-07;14:00:00;43;38;1;4
19054;17;2015-11-20;19:00:00;56;45;1;3
19055;17;2015-11-21;14:00:00;54;39;1;1
19056;17;2015-11-21;14:00:00;44;48;0;1
19057;17;2015-11-21;14:00:00;55;43;1;1
19058;17;2015-11-21;14:00:00;38;46;1;0
19059;17;2015-11-21;14:00:00;53;52;3;2
19060;17;2015-11-21;14:00:00;49;37;2;2
19061;17;2015-11-21;14:00:00;41;42;1;0
19062;17;2015-11-21;14:00:00;40;50;0;0
19063;17;2015-11-22;14:00:00;47;51;3;1
19064;18;2015-11-28;14:00:00;39;40;0;0
19065;18;2015-11-28;14:00:00;50;41;2;2
19066;18;2015-11-28;14:00:00;42;56;2;2
19067;18;2015-11-28;14:00:00;45;49;1;2
19068;18;2015-11-28;14:00:00;37;53;2;1
19069;18;2015-11-28;14:00:00;52;38;1;0
19070;18;2015-11-28;14:00:00;46;55;0;0
19071;18;2015-11-28;14:00:00;43;44;0;2
19072;18;2015-11-28;14:00:00;48;47;2;0
19073;18;2015-11-29;14:00:00;54;51;2;0
19074;19;2015-12-04;19:00:00;51;48;3;1
19075;19;2015-12-04;19:00:00;41;39;0;0
19076;19;2015-12-05;14:00:00;47;43;1;0
19077;19;2015-12-05;14:00:00;44;46;1;1
19078;19;2015-12-05;14:00:00;55;52;2;0
19079;19;2015-12-05;14:00:00;38;37;0;1
19080;19;2015-12-05;14:00:00;53;45;1;3
19081;19;2015-12-05;14:00:00;49;42;1;1
19082;19;2015-12-05;14:00:00;56;50;1;2
19083;19;2015-12-05;14:00:00;40;54;0;1
19084;20;2015-12-11;19:00:00;56;39;1;1
19085;20;2015-12-12;14:00:00;48;54;0;0
19086;20;2015-12-12;14:00:00;49;50;0;0
19087;20;2015-12-12;14:00:00;38;45;0;0
19088;20;2015-12-12;14:00:00;47;46;1;1
19089;20;2015-12-12;14:00:00;51;43;3;1
19090;20;2015-12-12;14:00:00;41;40;3;1
19091;20;2015-12-13;14:00:00;55;37;1;1
19092;20;2015-12-13;14:00:00;44;52;1;1
19093;20;2015-12-14;18:30:00;53;42;0;2
19094;21;2015-12-17;20:30:00;39;49;2;1
19095;21;2015-12-18;19:00:00;45;55;0;4
19096;21;2015-12-18;19:00:00;43;48;2;2
19097;21;2015-12-18;20:00:00;50;53;3;0
19098;21;2015-12-19;14:00:00;46;51;0;2
19099;21;2015-12-19;14:00:00;52;47;1;0
19100;21;2015-12-19;14:00:00;37;44;1;1
19101;21;2015-12-19;14:00:00;42;38;3;1
19102;21;2015-12-19;14:00:00;40;56;1;2
19103;21;2015-12-19;14:00:00;54;41;2;0
19104;22;2016-01-22;19:00:00;43;54;1;1
19105;22;2016-01-22;19:00:00;51;52;5;1
19106;22;2016-01-23;14:00:00;53;39;3;2
19107;22;2016-01-23;14:00:00;38;50;0;0
19108;22;2016-01-23;14:00:00;48;46;2;1
19109;22;2016-01-24;14:00:00;55;42;1;2
19110;22;2016-01-24;14:00:00;44;45;2;1
19111;22;2016-01-24;14:00:00;56;41;0;3
19112;23;2016-01-30;14:00:00;45;47;5;2
19113;23;2016-01-30;14:00:00;42;44;1;1
19114;23;2016-01-30;14:00:00;39;38;3;0
19115;23;2016-01-30;14:00:00;40;53;2;0
19116;23;2016-01-30;14:00:00;41;49;1;2
19117;23;2016-01-30;14:00:00;54;56;1;0
19118;23;2016-01-30;14:00:00;46;43;3;0
19119;23;2016-01-30;14:00:00;52;48;0;0
19120;23;2016-01-31;14:00:00;37;51;0;0
19121;23;2016-01-31;14:00:00;50;55;1;0
19272;20;2016-02-05;20:30:00;3;10;5;1
19273;20;2016-02-06;15:30:00;6;2;3;0
19274;20;2016-02-06;15:30:00;9;14;2;4
19275;20;2016-02-06;15:30:00;13;11;0;1
19276;20;2016-02-06;15:30:00;15;7;0;0
19277;20;2016-02-06;15:30:00;17;5;2;1
19278;20;2016-02-06;18:30:00;4;1;0;0
19279;20;2016-02-07;15:30:00;16;12;1;1
19280;20;2016-02-07;17:30:00;8;18;0;2
19281;20;2016-02-05;18:30:00;21;30;2;2
19282;20;2016-02-05;18:30:00;20;19;2;0
19283;20;2016-02-05;18:30:00;25;27;1;0
19284;20;2016-02-06;13:00:00;31;26;0;1
19285;20;2016-02-06;13:00:00;35;28;0;1
19286;20;2016-02-07;13:30:00;34;32;1;1
19287;20;2016-02-07;13:30:00;23;33;2;0
19288;20;2016-02-07;13:30:00;22;24;0;2
19289;20;2016-02-08;20:15:00;29;36;2;1
19290;24;2016-02-05;17:00:00;47;42;0;0
19291;24;2016-02-05;19:00:00;46;54;0;2
19292;24;2016-02-05;19:00:00;48;37;0;0
19293;24;2016-02-06;14:00:00;44;50;1;0
19294;24;2016-02-06;14:00:00;43;52;2;0
19295;24;2016-02-06;14:00:00;49;56;0;0
19296;24;2016-02-06;14:00:00;53;41;0;2
19297;24;2016-02-06;14:00:00;38;40;2;3
19298;24;2016-02-07;14:00:00;55;39;0;0
19299;24;2016-02-07;14:00:00;51;45;2;3
19468;21;2016-02-12;20:30:00;11;6;2;1
19469;21;2016-02-13;15:30:00;7;13;1;0
19470;21;2016-02-13;15:30:00;2;17;2;0
19471;21;2016-02-13;15:30:00;14;15;2;0
19472;21;2016-02-13;15:30:00;10;8;1;1
19473;21;2016-02-13;15:30:00;18;4;1;2
19474;21;2016-02-13;18:30:00;12;9;3;1
19475;21;2016-02-14;15:30:00;16;3;3;2
19476;21;2016-02-14;17:30:00;5;1;1;3
19477;21;2016-02-12;18:30:00;27;21;0;4
19478;21;2016-02-12;18:30:00;24;23;1;0
19479;21;2016-02-12;18:30:00;32;22;1;2
19480;21;2016-02-13;13:00:00;26;25;1;1
19481;21;2016-02-13;13:00:00;36;34;0;1
19482;21;2016-02-14;13:30:00;19;31;1;2
19483;21;2016-02-14;13:30:00;33;29;1;0
19484;21;2016-02-14;13:30:00;30;35;3;0
19485;21;2016-02-15;20:15:00;28;20;1;1
19486;25;2016-02-12;19:00:00;56;53;1;2
19487;25;2016-02-13;14:00:00;42;51;0;0
19488;25;2016-02-13;14:00:00;50;47;1;1
19489;25;2016-02-13;14:00:00;40;55;0;1
19490;25;2016-02-13;14:00:00;41;38;0;3
19491;25;2016-02-13;14:00:00;52;46;3;0
19492;25;2016-02-13;14:00:00;37;43;1;2
19493;25;2016-02-13;14:00:00;45;48;0;1
19494;25;2016-02-14;14:00:00;39;44;2;1
19495;25;2016-02-14;14:00:00;54;49;0;0
19664;22;2016-02-19;20:30:00;9;16;0;0
19665;22;2016-02-20;15:30:00;1;18;3;1
19666;22;2016-02-20;15:30:00;3;12;1;0
19667;22;2016-02-20;15:30:00;15;2;1;1
19668;22;2016-02-20;15:30:00;8;11;3;2
19669;22;2016-02-20;15:30:00;17;10;2;0
19670;22;2016-02-21;15:30:00;4;7;0;1
19671;22;2016-02-21;17:30:00;6;14;1;1
19672;22;2016-02-21;17:30:00;13;5;0;1
19673;22;2016-02-19;18:30:00;23;30;3;0
19674;22;2016-02-19;18:30:00;22;36;1;1
19675;22;2016-02-19;18:30:00;24;32;1;3
19676;22;2016-02-20;13:00:00;34;33;2;2
19677;22;2016-02-20;13:00:00;21;26;2;2
19678;22;2016-02-21;13:30:00;35;20;1;1
19679;22;2016-02-21;13:30:00;25;19;0;2
19680;22;2016-02-21;13:30:00;29;27;1;1
19681;22;2016-02-22;20:15:00;31;28;1;1
19682;26;2016-02-19;19:00:00;43;45;0;0
19683;26;2016-02-20;14:00:00;52;54;0;2
19684;26;2016-02-20;14:00:00;51;50;4;1
19685;26;2016-02-20;14:00:00;48;42;2;0
19686;26;2016-02-20;14:00:00;46;37;3;0
19687;26;2016-02-20;14:00:00;38;56;3;1
19688;26;2016-02-20;14:00:00;55;41;4;1
19689;26;2016-02-20;14:00:00;44;40;0;0
19690;26;2016-02-20;15:00:00;47;39;2;2
19691;26;2016-02-21;14:00:00;53;49;1;0
19804;23;2016-02-26;20:30:00;12;15;0;1
19805;23;2016-02-27;15:30:00;2;1;0;2
19806;23;2016-02-27;15:30:00;16;17;1;1
19807;23;2016-02-27;15:30:00;14;13;1;2
19808;23;2016-02-27;15:30:00;10;18;2;2
19809;23;2016-02-28;15:30:00;5;3;2;2
19810;23;2016-02-28;17:30:00;7;8;3;1
19811;23;2016-02-28;17:30:00;11;4;3;1
19812;23;2016-02-28;19:30:00;9;6;0;0
19813;23;2016-02-26;18:30:00;27;23;0;1
19814;23;2016-02-26;18:30:00;28;22;2;1
19815;23;2016-02-26;18:30:00;30;34;2;1
19816;23;2016-02-27;13:00:00;19;21;2;0
19817;23;2016-02-27;13:00:00;20;25;3;2
19818;23;2016-02-27;13:00:00;35;31;3;2
19819;23;2016-02-28;13:30:00;33;32;0;0
19820;23;2016-02-28;13:30:00;26;29;3;2
19821;23;2016-02-28;13:30:00;36;24;0;2
19822;27;2016-02-26;19:00:00;56;55;1;1
19823;27;2016-02-27;14:00:00;39;51;4;0
19824;27;2016-02-27;14:00:00;40;47;3;1
19825;27;2016-02-27;14:00:00;41;44;0;1
19826;27;2016-02-27;14:00:00;49;38;1;0
19827;27;2016-02-27;14:00:00;37;52;0;1
19828;27;2016-02-27;14:00:00;45;46;1;0
19829;27;2016-02-27;14:00:00;50;48;0;2
19830;27;2016-02-28;14:00:00;54;53;2;2
19831;27;2016-02-28;14:00:00;42;43;2;1
19888;24;2016-03-01;20:00:00;13;2;0;4
19889;24;2016-03-01;20:00:00;17;12;1;1
19890;24;2016-03-02;20:00:00;1;11;1;2
19891;24;2016-03-02;20:00:00;6;16;3;2
19892;24;2016-03-02;20:00:00;4;10;1;4
19893;24;2016-03-02;20:00:00;3;14;4;0
19894;24;2016-03-02;20:00:00;15;9;2;0
19895;24;2016-03-02;20:00:00;8;5;2;1
19896;24;2016-03-02;20:00:00;18;7;0;2
19897;24;2016-03-01;17:30:00;34;27;0;0
19898;24;2016-03-01;17:30:00;21;35;0;1
19899;24;2016-03-01;17:30:00;31;20;1;3
19900;24;2016-03-01;17:30:00;22;30;2;0
19901;24;2016-03-01;17:30:00;25;28;0;2
19902;24;2016-03-02;17:30:00;23;26;3;1
19903;24;2016-03-02;17:30:00;32;36;3;3
19904;24;2016-03-02;17:30:00;29;19;1;4
19905;24;2016-03-03;20:15:00;24;33;0;0
19906;28;2016-03-01;18:30:00;47;41;0;2
19907;28;2016-03-01;19:00:00;52;45;1;0
19908;28;2016-03-01;19:00:00;55;49;1;3
19909;28;2016-03-01;19:00:00;44;56;0;1
19910;28;2016-03-01;19:00:00;51;40;2;1
19911;28;2016-03-02;18:30:00;37;54;0;0
19912;28;2016-03-02;18:30:00;46;42;0;0
19913;28;2016-03-02;19:00:00;43;50;1;0
19914;28;2016-03-02;19:00:00;38;53;1;0
19915;28;2016-03-02;20:30:00;48;39;0;3
20056;25;2016-03-05;15:30:00;2;3;2;1
20057;25;2016-03-05;15:30:00;14;8;5;1
20058;25;2016-03-05;15:30:00;5;4;3;3
20059;25;2016-03-05;15:30:00;10;13;4;1
20060;25;2016-03-05;15:30:00;9;17;1;1
20061;25;2016-03-05;15:30:00;12;6;1;3
20062;25;2016-03-05;18:30:00;7;1;0;0
20063;25;2016-03-06;15:30:00;11;18;0;0
20064;25;2016-03-06;17:30:00;16;15;2;0
20065;25;2016-03-04;18:30:00;31;34;0;1
20066;25;2016-03-04;18:30:00;35;25;3;2
20067;25;2016-03-04;20:30:00;28;21;2;1
20068;25;2016-03-05;13:00:00;27;22;1;1
20069;25;2016-03-05;13:00:00;30;32;4;0
20070;25;2016-03-06;13:30:00;33;36;1;1
20071;25;2016-03-06;13:30:00;20;29;2;2
20072;25;2016-03-06;13:30:00;26;24;2;0
20073;25;2016-03-07;20:15:00;19;23;2;1
20074;29;2016-03-05;14:00:00;41;51;1;1
20075;29;2016-03-05;14:00:00;49;44;1;1
20076;29;2016-03-05;14:00:00;53;55;1;1
20077;29;2016-03-05;14:00:00;45;37;1;2
20078;29;2016-03-05;14:00:00;42;52;4;1
20079;29;2016-03-05;14:00:00;50;46;0;1
20080;29;2016-03-06;14:00:00;56;47;1;1
20081;29;2016-03-06;14:00:00;54;38;1;0
20082;29;2016-03-06;14:00:00;39;43;1;1
20083;29;2016-03-06;14:00:00;40;48;0;0
20252;26;2016-03-11;20:30:00;15;6;2;0
20253;26;2016-03-12;15:30:00;3;9;3;0
20254;26;2016-03-12;15:30:00;13;12;0;2
20255;26;2016-03-12;15:30:00;8;2;1;0
20256;26;2016-03-12;15:30:00;17;14;3;3
20257;26;2016-03-12;15:30:00;18;5;2;2
20258;26;2016-03-12;18:30:00;1;10;5;0
20259;26;2016-03-13;15:30:00;4;16;1;0
20260;26;2016-03-13;17:30:00;7;11;2;0
20261;26;2016-03-11;18:30:00;22;33;3;0
20262;26;2016-03-11;18:30:00;24;27;3;4
20263;26;2016-03-11;18:30:00;29;28;0;4
20264;26;2016-03-12;13:00:00;25;31;1;0
20265;26;2016-03-12;13:00:00;36;30;2;1
20266;26;2016-03-13;13:30:00;34;26;0;0
20267;26;2016-03-13;13:30:00;23;35;2;1
20268;26;2016-03-13;13:30:00;32;19;1;3
20269;26;2016-03-14;20:15:00;21;20;0;2
20270;30;2016-03-11;19:00:00;46;39;0;0
20271;30;2016-03-11;19:00:00;55;38;1;1
20272;30;2016-03-12;14:00:00;45;54;3;0
20273;30;2016-03-12;14:00:00;52;50;4;0
20274;30;2016-03-12;14:00:00;37;42;2;0
20275;30;2016-03-12;14:00:00;44;53;0;1
20276;30;2016-03-12;14:00:00;47;49;0;1
20277;30;2016-03-12;14:00:00;51;56;1;3
20278;30;2016-03-12;14:00:00;48;41;2;2
20279;30;2016-03-12;14:00:00;43;40;1;0
20588;27;2016-03-18;20:30:00;6;3;2;1
20589;27;2016-03-19;15:30:00;2;18;1;1
20590;27;2016-03-19;15:30:00;16;8;1;3
20591;27;2016-03-19;15:30:00;10;11;1;1
20592;27;2016-03-19;15:30:00;12;1;0;1
20593;27;2016-03-19;15:30:00;15;17;2;1
20594;27;2016-03-19;18:30:00;9;13;1;0
20595;27;2016-03-20;15:30:00;14;4;0;2
20596;27;2016-03-20;17:30:00;5;7;1;3
20597;27;2016-03-18;18:30:00;27;36;0;0
20598;27;2016-03-18;18:30:00;30;33;3;1
20599;27;2016-03-18;18:30:00;26;32;2;2
20600;27;2016-03-19;13:00:00;31;21;4;3
20601;27;2016-03-19;13:00:00;25;24;0;2
20602;27;2016-03-20;13:30:00;28;23;3;1
20603;27;2016-03-20;13:30:00;20;22;2;2
20604;27;2016-03-20;13:30:00;35;29;1;1
20605;27;2016-03-21;20:15:00;19;34;1;0
20606;31;2016-03-18;17:30:00;54;55;4;0
20607;31;2016-03-18;19:00:00;49;51;4;1
20608;31;2016-03-18;19:00:00;56;48;0;1
20609;31;2016-03-19;14:00:00;38;44;2;2
20610;31;2016-03-19;14:00:00;50;37;0;0
20611;31;2016-03-19;14:00:00;39;52;2;2
20612;31;2016-03-19;14:00:00;40;46;0;2
20613;31;2016-03-19;14:00:00;41;43;1;1
20614;31;2016-03-20;14:00:00;53;47;0;2
20615;31;2016-03-20;14:00:00;42;45;0;1
20840;28;2016-04-01;20:30:00;4;2;3;0
20841;28;2016-04-02;15:30:00;1;9;1;0
20842;28;2016-04-02;15:30:00;13;16;0;3
20843;28;2016-04-02;15:30:00;11;5;4;2
20844;28;2016-04-02;15:30:00;17;6;3;0
20845;28;2016-04-02;15:30:00;18;14;2;2
20846;28;2016-04-02;18:30:00;7;10;3;2
20847;28;2016-04-03;15:30:00;3;15;5;0
20848;28;2016-04-03;17:30:00;8;12;1;1
20849;28;2016-04-01;18:30:00;33;27;2;1
20850;28;2016-04-01;18:30:00;24;30;0;0
20851;28;2016-04-01;18:30:00;36;26;0;2
20852;28;2016-04-02;13:00:00;23;20;3;1
20853;28;2016-04-02;13:00:00;29;31;0;0
20854;28;2016-04-03;13:30:00;34;35;3;1
20855;28;2016-04-03;13:30:00;21;25;2;0
20856;28;2016-04-03;13:30:00;32;28;0;3
20857;28;2016-04-04;20:15:00;22;19;2;3
20858;32;2016-04-01;20:30:00;42;54;0;3
20859;32;2016-04-02;14:00:00;37;39;0;2
20860;32;2016-04-02;14:00:00;45;50;1;1
20861;32;2016-04-02;14:00:00;44;55;2;0
20862;32;2016-04-02;14:00:00;47;38;5;1
20863;32;2016-04-02;14:00:00;51;53;1;3
20864;32;2016-04-02;14:00:00;48;49;1;1
20865;32;2016-04-02;14:00:00;46;41;0;1
20866;32;2016-04-02;14:00:00;52;40;0;0
20867;32;2016-04-02;15:30:00;43;56;4;1
21036;29;2016-04-08;20:30:00;15;13;2;2
21037;29;2016-04-09;15:30:00;16;18;1;2
21038;29;2016-04-09;15:30:00;14;1;1;3
21039;29;2016-04-09;15:30:00;10;5;1;2
21040;29;2016-04-09;15:30:00;9;8;0;2
21041;29;2016-04-09;15:30:00;17;3;1;0
21042;29;2016-04-09;18:30:00;2;11;1;1
21043;29;2016-04-10;15:30:00;6;7;2;2
21044;29;2016-04-10;17:30:00;12;4;0;2
21045;29;2016-04-08;18:30:00;27;30;0;4
21046;29;2016-04-08;18:30:00;35;22;0;1
21047;29;2016-04-08;18:30:00;26;33;2;2
21048;29;2016-04-09;13:00:00;20;32;4;1
21049;29;2016-04-09;13:00:00;25;29;1;4
21050;29;2016-04-10;13:30:00;19;24;4;3
21051;29;2016-04-10;13:30:00;21;34;0;0
21052;29;2016-04-10;13:30:00;28;36;1;2
21053;29;2016-04-11;20:15:00;31;23;1;3
21054;33;2016-04-08;19:00:00;50;42;0;0
21055;33;2016-04-08;19:00:00;41;52;0;1
21056;33;2016-04-09;14:00:00;38;51;0;1
21057;33;2016-04-09;14:00:00;54;44;1;0
21058;33;2016-04-09;14:00:00;39;45;0;0
21059;33;2016-04-09;14:00:00;40;37;3;0
21060;33;2016-04-09;14:00:00;56;46;1;1
21061;33;2016-04-09;14:00:00;49;43;2;1
21062;33;2016-04-09;14:00:00;53;48;4;2
21063;33;2016-04-10;14:00:00;55;47;1;2
21232;30;2016-04-15;20:30:00;13;3;2;0
21233;30;2016-04-16;15:30:00;4;9;3;0
21234;30;2016-04-16;15:30:00;5;14;1;0
21235;30;2016-04-16;15:30:00;10;2;3;2
21236;30;2016-04-16;15:30:00;8;15;2;1
21237;30;2016-04-16;15:30:00;18;17;2;0
21238;30;2016-04-16;18:30:00;1;6;3;0
21239;30;2016-04-17;15:30:00;7;16;3;0
21240;30;2016-04-17;17:30:00;11;12;2;3
21241;30;2016-04-15;18:30:00;23;25;0;1
21242;30;2016-04-15;18:30:00;32;27;0;2
21243;30;2016-04-15;18:30:00;36;35;2;1
21244;30;2016-04-16;13:00:00;34;28;2;1
21245;30;2016-04-16;13:00:00;24;20;2;0
21246;30;2016-04-17;13:30:00;30;26;1;0
21247;30;2016-04-17;13:30:00;22;31;3;1
21248;30;2016-04-17;13:30:00;29;21;0;1
21249;30;2016-04-18;20:15:00;33;19;2;2
21250;34;2016-04-15;19:00:00;50;54;1;0
21251;34;2016-04-15;19:00:00;46;49;0;1
21252;34;2016-04-16;14:00:00;42;39;2;2
21253;34;2016-04-16;14:00:00;47;44;2;1
21254;34;2016-04-16;14:00:00;48;38;1;1
21255;34;2016-04-16;14:00:00;43;53;0;1
21256;34;2016-04-16;14:00:00;52;56;2;0
21257;34;2016-04-16;14:00:00;37;41;0;5
21258;34;2016-04-16;14:00:00;45;40;0;0
21259;34;2016-04-17;14:00:00;51;55;0;2
21428;31;2016-04-22;20:30:00;16;10;2;1
21429;31;2016-04-23;15:30:00;2;5;0;2
21430;31;2016-04-23;15:30:00;14;7;0;3
21431;31;2016-04-23;15:30:00;12;18;4;1
21432;31;2016-04-23;15:30:00;15;1;0;2
21433;31;2016-04-23;15:30:00;17;13;2;2
21434;31;2016-04-23;18:30:00;6;4;2;3
21435;31;2016-04-24;15:30:00;3;8;3;1
21436;31;2016-04-24;17:30:00;9;11;2;1
21437;31;2016-04-22;18:30:00;19;36;3;0
21438;31;2016-04-22;18:30:00;31;24;1;1
21439;31;2016-04-22;18:30:00;20;34;1;1
21440;31;2016-04-23;13:00:00;28;30;6;2
21441;31;2016-04-23;13:00:00;26;27;1;1
21442;31;2016-04-24;13:30:00;35;33;1;0
21443;31;2016-04-24;13:30:00;25;32;1;0
21444;31;2016-04-24;13:30:00;29;22;4;2
21445;31;2016-04-25;20:15:00;21;23;1;1
21446;35;2016-04-22;19:00:00;44;51;1;3
21447;35;2016-04-22;19:00:00;40;42;1;2
21448;35;2016-04-22;19:00:00;56;37;0;1
21449;35;2016-04-23;14:00:00;55;48;1;0
21450;35;2016-04-23;14:00:00;49;52;2;1
21451;35;2016-04-23;14:00:00;53;46;2;0
21452;35;2016-04-23;14:00:00;38;43;1;2
21453;35;2016-04-23;14:00:00;39;50;4;0
21454;35;2016-04-23;14:00:00;41;45;0;0
21455;35;2016-04-24;14:00:00;54;47;2;0
21642;36;2016-04-29;19:00:00;50;40;0;2
21643;36;2016-04-29;19:00:00;51;47;0;3
21644;36;2016-04-30;14:00:00;42;41;4;0
21645;36;2016-04-30;14:00:00;45;56;1;0
21646;36;2016-04-30;14:00:00;39;54;1;1
21647;36;2016-04-30;14:00:00;48;44;3;1
21648;36;2016-04-30;14:00:00;43;55;1;0
21649;36;2016-04-30;14:00:00;46;38;3;2
21650;36;2016-04-30;14:00:00;52;53;3;1
21651;36;2016-04-30;14:00:00;37;49;1;2
21652;32;2016-04-29;20:30:00;5;12;0;0
21653;32;2016-04-30;15:30:00;1;3;1;1
21654;32;2016-04-30;15:30:00;7;2;5;1
21655;32;2016-04-30;15:30:00;13;6;1;3
21656;32;2016-04-30;15:30:00;8;17;2;1
21657;32;2016-04-30;15:30:00;11;16;0;0
21658;32;2016-04-30;15:30:00;18;9;1;2
21659;32;2016-04-30;18:30:00;4;15;2;1
21660;32;2016-05-02;20:15:00;10;14;6;2
21689;32;2016-04-29;18:30:00;27;19;1;2
21690;32;2016-04-29;18:30:00;23;29;1;1
21691;32;2016-04-29;18:30:00;30;20;1;0
21692;32;2016-04-29;18:30:00;24;35;0;2
21693;32;2016-04-29;18:30:00;32;21;1;4
21694;32;2016-04-29;18:30:00;36;31;2;1
21695;32;2016-04-30;13:00:00;33;28;3;1
21696;32;2016-04-30;13:00:00;22;26;0;2
21697;32;2016-05-02;18:30:00;34;25;3;0
21820;33;2016-05-07;15:30:00;6;5;1;1
21821;33;2016-05-07;15:30:00;3;4;2;1
21822;33;2016-05-07;15:30:00;16;2;0;1
21823;33;2016-05-07;15:30:00;14;11;1;3
21824;33;2016-05-07;15:30:00;9;7;1;0
21825;33;2016-05-07;15:30:00;12;10;0;0
21826;33;2016-05-07;15:30:00;13;8;1;0
21827;33;2016-05-07;15:30:00;15;18;1;2
21828;33;2016-05-07;15:30:00;17;1;1;2
21829;33;2016-05-08;15:30:00;19;26;2;0
21830;33;2016-05-08;15:30:00;21;22;3;1
21831;33;2016-05-08;15:30:00;23;34;2;0
21832;33;2016-05-08;15:30:00;28;24;1;0
21833;33;2016-05-08;15:30:00;31;32;1;0
21834;33;2016-05-08;15:30:00;20;33;2;3
21835;33;2016-05-08;15:30:00;35;27;1;0
21836;33;2016-05-08;15:30:00;25;36;2;2
21837;33;2016-05-08;15:30:00;29;30;2;0
21838;37;2016-05-07;13:30:00;44;43;1;0
21839;37;2016-05-07;13:30:00;47;48;2;1
21840;37;2016-05-07;13:30:00;38;52;4;0
21841;37;2016-05-07;13:30:00;55;46;3;1
21842;37;2016-05-07;13:30:00;56;42;0;1
21843;37;2016-05-07;13:30:00;49;45;1;1
21844;37;2016-05-07;13:30:00;53;37;0;1
21845;37;2016-05-07;13:30:00;41;50;0;1
21846;37;2016-05-07;13:30:00;40;39;2;3
21847;37;2016-05-07;13:30:00;51;54;0;2
21913;34;2016-05-20;19:10:00;49;36;0;0
21926;38;2016-05-24;19:10:00;36;49;0;0
21950;34;2016-05-20;19:10:00;49;36;0;0
21963;38;2016-05-24;19:10:00;36;49;0;0
21987;34;2016-05-20;19:10:00;49;36;0;0
22000;38;2016-05-24;19:10:00;36;49;0;0
22024;34;2016-05-20;19:10:00;49;36;0;0
22037;38;2016-05-24;19:10:00;36;49;0;0
22061;34;2016-05-20;19:10:00;49;36;0;0
22074;38;2016-05-24;19:10:00;36;49;0;0
22098;34;2016-05-20;19:10:00;49;36;2;0
22111;38;2016-05-24;19:10:00;36;49;0;0
22135;34;2016-05-20;19:10:00;49;36;2;0
22148;38;2016-05-24;19:10:00;36;49;0;0
22172;34;2016-05-20;19:10:00;49;36;2;0
22185;38;2016-05-24;19:10:00;36;49;0;0
22209;34;2016-05-20;19:10:00;49;36;2;0
22222;38;2016-05-24;19:10:00;36;49;0;0
22224;34;2016-05-14;15:30:00;1;13;3;1
22225;34;2016-05-14;15:30:00;7;12;2;2
22226;34;2016-05-14;15:30:00;4;17;3;2
22227;34;2016-05-14;15:30:00;2;14;3;1
22228;34;2016-05-14;15:30:00;5;16;1;3
22229;34;2016-05-14;15:30:00;10;9;1;0
22230;34;2016-05-14;15:30:00;8;6;1;4
22231;34;2016-05-14;15:30:00;11;15;0;0
22232;34;2016-05-14;15:30:00;18;3;0;2
22233;34;2016-05-19;20:30:00;9;28;1;1
22235;34;2016-05-15;15:30:00;27;28;0;1
22236;34;2016-05-15;15:30:00;34;29;1;1
22237;34;2016-05-15;15:30:00;33;31;0;2
22238;34;2016-05-15;15:30:00;30;19;2;1
22239;34;2016-05-15;15:30:00;22;25;3;1
22240;34;2016-05-15;15:30:00;24;21;5;2
22241;34;2016-05-15;15:30:00;26;20;2;4
22242;34;2016-05-15;15:30:00;32;35;2;1
22243;34;2016-05-15;15:30:00;36;23;1;0
22244;34;2016-05-19;20:30:00;9;28;1;1
22245;34;2016-05-23;20:30:00;28;9;0;1
22246;34;2016-05-20;19:10:00;49;36;2;0
22247;34;2016-05-24;19:10:00;36;49;1;2
22248;38;2016-05-14;13:45:00;37;38;2;3
22249;38;2016-05-14;13:45:00;52;55;3;1
22250;38;2016-05-14;13:45:00;45;53;0;3
22251;38;2016-05-14;13:45:00;42;49;0;1
22252;38;2016-05-14;13:45:00;50;56;3;1
22253;38;2016-05-14;13:45:00;39;41;2;1
22254;38;2016-05-14;13:45:00;54;40;3;0
22255;38;2016-05-14;13:45:00;46;44;1;2
22256;38;2016-05-14;13:45:00;43;47;0;1
22257;38;2016-05-14;13:45:00;48;51;1;3
22258;38;2016-05-20;19:10:00;49;36;2;0
22259;38;2016-05-24;19:10:00;36;49;1;2;